{
  "engines": 15407266122.796875,
  "passenger_capacity": 8037464701.894531,
  "crew": 2061592067.0898438,
  "d_check_complete": 2087011888.0,
  "moon_clearance_complete": 0.0,
  "iata_approved": 2002897986.0,
  "company_rating": 6167744774.8046875,
  "review_scores_rating": 6530891382.0
}